Word,Transliteration,English_Translation
में,mẽ,In
है,hai,Is
हैं,ha͠i,Are
नहीं,nahī̃,No
लिए,lie,For
गया,gayā,Went
तथा,tathā,And
अपने,apne,Our
कुछ,kuch,Some?
साथ,sāth,with
होता,hotā,Would
था,thā,Was
दिया,diyā,Gave
हुए,hue,Has
कोई,koī,Any
रूप,rūp,Form
से,se,From
मैं,ma͠i,I
रहा,rahā,Stayed
हुआ,huā,Happened
बात,bāt,talk
कहा,kahā,Said
समय,samay,Time
क्या,kyā,What
अपनी,apnī,Own
होती,hotī,Happiness
प्रकार,prakār,Type
बहुत,bahut,Very
तरह,tarah,Kind
बाद,bād,after
फिर,phir,Then
रहे,rahe,are
द्वारा,dvārā,By
अधिक,adhik,More
रही,rahī,doing
होने,hone,Having
एवं,evã,And
हुई,huī,Hui
थे,the,Were
उनके,unke,Their
थी,thī,Was
वाले,vāle,Wale
चाहिए,cāhie,Needed
दिन,din,Day
लेकिन,lekin,But
काम,kām,Work
हूँ,hū̃,am
होते,hote,Having
इसके,iske,Its
उन्हें,unhẽ,Them
गये,gaye,Gone
कभी,kabhī,Sometimes
आदि,ādi,Etcetera
लोग,log,People
बार,bār,Times
यहाँ,yahā̃,Here
दोनों,donõ,Both
उन्होंने,unhonne,They
कार्य,kārya,Work
पास,pās,Near
वहाँ,vahā̃,There
भारत,bhārat,India
लिया,liyā,took
प्राप्त,prāpt,get
उनकी,unkī,His
लोगों,logõ,People
गयी,gayī,Gone
लगा,lagā,Put
अन्य,anya,Other
होगा,hogā,will be
इसी,isī,This 
देश,deś,Country
यदि,yadi,If
सभी,sabhī,All
नाम,nām,Name
वर्ष,varṣ,Year
ऐसा,aisā,As such
विकास,vikās,Development
अपना,apnā,own
ऐसे,aise,This way
दूसरे,dūsre,Others
हाथ,hāth,Hand
भाषा,bhāṣā,Language
मेरे,mere,My
मैंने,mainne,I
तुम,tum,You
बीच,bīc,between
वाली,vālī,Wali
बड़े,baṛe,elder
प्रति,prati,Per
व्यक्ति,vyakti,Person
उनका,unkā,their
लिये,liye,For
इसलिए,islie,so
तीन,tīn,Three
इसका,iskā,Its
ऐसी,aisī,Such
विशेष,viśeṣ,Specific
बड़ी,baṛī,Big
अथवा,athvā,Or
भाग,bhāg,Part
क्योंकि,kyoṅki,Because
सिंह,sĩh,Lion
ठीक,ṭhīk,Correct
स्थिति,sthiti,Situation
परन्तु,parantu,But
स्थान,sthān,place
यही,yahī,This only
क्यों,kyõ,Why
गाँव,gā̃v,Village
राज्य,rājya,State
अलग,alag,apart
लेकर,lekar,With
अभी,abhī,Now!
इसमें,ismẽ,In this
विभिन्न,vibhinna,various
सी,sī,C
विचार,vicār,Idea
जिस,jis,That
बाहर,bāhar,Outside
ऊपर,ūpar,Above
बना,banā,Made up
तैयार,taiyār,Ready
अनेक,anek,many
सामने,sāmne,Front
शिक्षा,śikṣā,Education
शरीर,śarīr,Body
होकर,hokar,In
दृष्टि,dŕṣṭi,Vision
श्री,śrī,Mister
थीं,thī̃,Was
दूर,dūr,away
शब्द,śabd,Word
ध्यान,dhyān,Attention
चार,cār,Four
मेरी,merī,My
बड़ा,baṛā,Big
पता,patā,Address
लगता,lagtā,Festive
आगे,āge,Ahead
किया,kiyā,Did
उत्तर,uttar,Answer
किन्तु,kintu,But
आने,āne,Arrival
लगे,lage,Logged
लगभग,lagbhag,About
इसे,ise,This
लाख,lākh,Lakh
बारे,bāre,About
होना,honā,Happen
इससे,isse,From this
मात्रा,mātrā,amount
अध्ययन,adhyayan,Study
वाला,vālā,Wave
जिसमें,jismẽ,In which
नीचे,nīce,Below
अर्थ,arth,Meaning
लोक,lok,Folk
आवश्यक,āvaśyak,Necessary
हो,ho,yes
माँ,mā̃,Mother
छोटे,choṭe,Small
प्रतिशत,pratiśat,Percent
शुरू,śurū,Start
अगर,agar,If
इतना,itnā,This much
आया,āyā,Came
होगी,hogī,Will be
मिल,mil,Mill
स्वयं,svayã,Self
रात,rāt,Night
बिना,binā,Without
हमें,hamẽ,Us
उपयोग,upyog,Use
किए,kie,Done
महत्वपूर्ण,mahatvapūrṇ,Important
मुख्य,mukhya,main
साल,sāl,Year
ज्यादा,jyādā,More
साहित्य,sāhitya,Literature
पूर्व,pūrv,East
निर्माण,nirmāṇ,Construction
विषय,viṣay,Subject
जिससे,jisse,By which
देख,dekh,See
चित्र,citra,Picture
लगी,lagī,Lagged
प्रत्येक,pratyek,Everyone
मनुष्य,manuṣya,man
गई,gaī,Went
स्पष्ट,spaṣṭ,clear
दिनों,dinõ,Days
रंग,raṅg,Colour
इसकी,iskī,his
स्तर,star,level
मेरा,merā,My
दूसरी,dūsrī,Second
अच्छा,acchā,Good
रोग,rog,Disease
काल,kāl,period
अच्छी,acchī,Good
विज्ञान,vigyān,Science
भाई,bhāī,Brother
ज्ञान,gyān,Knowledge
दिल्ली,dillī,Delhi
बनाने,banāne,Make
रुपये,rupye,Rupees
रखा,rakhā,kept
आवश्यकता,āvaśyaktā,Need
आता,ātā,Comes
कौन,kaun,Who
हों,hõ,Ho
आर्थिक,ārthik,Economic
सहायता,sahāytā,Help
अतिरिक्त,atirikt,Excessive
देर,der,Late
तरफ,taraph,Side
लेने,lene,Take
चला,calā,walked
सामाजिक,sāmājik,Social
समझ,samajh,Understanding
मगर,magar,But
आते,āte,Come
बच्चे,bacce,Children
कला,kalā,Art
पत्र,patra,Letter
भीतर,bhītar,Inner
संस्कृति,sanskŕti,Culture
उनमें,unmẽ,In those
वर्ग,varg,Social class
विभाग,vibhāg,Department
चाहता,cāhtā,Want
सिर,sir,Head
बताया,batāyā,told
जगह,jagah,Place
वही,vahī,Same
इतनी,itnī,So much
स्थापित,sthāpit,Established
राष्ट्रीय,rāṣṭrīya,National
स्वर,svar,Vocal
क्षेत्रों,kṣetrõ,Areas
जिसके,jiske,Whose
जन्म,janma,Birth
जाए,jāe,Go
दौरान,daurān,during
गांधी,gāndhī,Gandhi
हाँ,hā̃,Yes
जनता,jantā,public
किस,kis,What
केन्द्र,kendra,Center
साहब,sāhab,Sir
पूर्ण,pūrṇ,full
पुलिस,pulis,Police
बोला,bolā,spoke
थईआ,thaīā,Thiaia
कमी,kamī,Shortage
समस्या,samasyā,Problem
कार्यक्रम,kāryakram,Program
विवाह,vivāh,Marriage
भूमि,bhūmi,land
भाव,bhāv,expressions
देखकर,dekhkar,after seeing
करोड़,karoṛ,Ten million
प्रथम,pratham,First
मूल,mūl,Original
परिवर्तन,parivartan,Change
बच्चों,baccõ,Children
लाभ,lābh,Benefit
प्रदान,pradān,Grant
आये,āye,Come
छोटी,choṭī,Small
स्त्री,strī,Woman
सेवा,sevā,Service
व्यवहार,vyavhār,Behaviour
राम,rām,Ram
रचना,racnā,Composition
की,kī,of
भिन्न,bhinna,Different
मिट्टी,miṭṭī,Soil
देशों,deśõ,Countries
इनके,inke,Their
आती,ātī,Come
सही,sahī,Correct
उपलब्ध,uplabdh,Available
बल्कि,balki,Rather
प्राय,prāy,At the time
बिजली,bijlī,Electricity
लेते,lete,Take
जान,jān,Life
बढ़,baṛh,Enhancement
सारे,sāre,all
शायद,śāyad,Perhaps
सरकारी,sarkārī,Government
पड़,paṛ,Fall
चुका,cukā,Repayed
पड़ा,paṛā,Lying
विधि,vidhi,Method
छोड़,choṛ,leave
लिखा,likhā,wrote
जबकि,jabki,Whereas
सिर्फ,sirph,Only
दर्शन,darśan,Visit
प्रक्रिया,prakriyā,Process
दिखाई,dikhāī,Visible
कुल,kul,Total
शब्दों,śabdõ,Words
लाल,lāl,Red
निकल,nikal,Out
नये,naye,New
रखने,rakhne,Keep
पंजाब,pañjāb,Punjab
नदी,nadī,River
गए,gae,Went
मृत्यु,mŕtyu,Death
स्वीकार,svīkār,Accept
अन्तरिक्ष,antarikṣ,Space
आकर,ākar,Size
याद,yād,Memory
उठा,uṭhā,picking
दूध,dūdh,Milk
कांग्रेस,kāṅgres,Congress
सारी,sārī,all
माध्यम,mādhyam,Channel
दूसरा,dūsrā,Second
संबंध,sambandh,relationship
जिन,jin,Gin
चाहे,cāhe,whether
चाहते,cāhte,Want
प्रणाली,praṇālī,System
तभी,tabhī,Only
होंगे,hoṅge,Will be
इनमें,inmẽ,In
सन,san,Sun
मान,mān,Value
पुत्र,putra,Son
उद्देश्य,uddeśya,Objective
विश्वास,viśvās,faith
पिछले,pichle,last
ताकि,tāki,So that
निश्चित,niścit,Fixed
जिसका,jiskā,Whose
जानकारी,jānkārī,Information
नेता,netā,Leader
बालक,bālak,Boy
अन्त,ant,End
उचित,ucit,Appropriate
संगीत,saṅgīt,music
जल्दी,jaldī,Quick
क्षमता,kṣamtā,Capacity
हजार,hajār,Thousand
जाएगा,jāegā,Will go
बनाया,banāyā,Make
पति,pati,Husband
कोशिश,kośiś,Effort
चुके,cuke,Sailed
खाने,khāne,Eating
फसल,phasal,Crop
प्रकृति,prakŕti,Nature
पौधों,paudhõ,Plants
प्रकट,prakaṭ,Revealed
पक्ष,pakṣ,Party
नीति,nīti,Policy
यद्यपि,yadyapi,Although
मात्र,mātra,Only
भारी,bhārī,Heavy
पुस्तकालय,pustakālay,Library
चले,cale,Let's go
समिति,samiti,Committee
सामग्री,sāmagrī,Material
चाहिये,cāhiye,Want
अन्तर्गत,antargat,Under
माल,māl,Goods
शामिल,śāmil,Involved
बोली,bolī,Languages
उनसे,unse,With them
अपेक्षा,apekṣā,Expectation
हेतु,hetu,For
नगर,nagar,City
दिये,diye,Lamp
सम्बन्धी,sambandhī,Related
पुस्तक,pustak,Book
खुद,khud,Self
वर्णन,varṇan,Description
बने,bane,Made up
जोर,jor,Loser
करें,karẽ,Do
जिनमें,jinmẽ,In which
लक्षण,lakṣaṇ,symptoms
नामक,nāmak,Nominated
वहीं,vahī̃,There itself
तुम्हारे,tumhāre,Your
विश्व,viśva,World
शासन,śāsan,Government
वैसे,vaise,By the way
युग,yug,Era
बैठ,baiṭh,Seated
स्थापना,sthāpnā,Establishment
अर्थात,arthāt,In other words
सारा,sārā,All
लेता,letā,Take
लगती,lagtī,Looks like
शैली,śailī,Style
लें,lẽ,Take
पार्टी,pārṭī,Party
गीत,gīt,Song
अवसर,avsar,opportunity
युद्ध,yuddh,war
मालूम,mālūm,Known
चारों,cārõ,All four
प्रकाश,prakāś,Light
जायेगा,jāyegā,will go
बैठे,baiṭhe,Seated
तुम्हें,tumhẽ,You
समाप्त,samāpt,End
जाय,jāy,Go
साफ,sāph,Clean
धार्मिक,dhārmik,Religious
ताप,tāp,Heat
उल्लेख,ullekh,Mention
वर्तमान,vartamān,present
लेना,lenā,Take
थोड़ी,thoṛī,Slightly
इनका,inkā,Their
विकसित,viksit,advanced
बन्द,band,Off
प्रसिद्ध,prasiddh,Famous
विशिष्ट,viśiṣṭ,Specific
प्रेम,prem,Love
चली,calī,Sustainable
रखते,rakhte,Keep
भावना,bhāvnā,Emotion
चलता,caltā,On
सिद्ध,siddh,Proven
वालों,vālõ,People
चित्रों,citrõ,Paintings
पुरुष,puruṣ,Male
पदार्थ,padārth,Substance
चर्चा,carcā,Discussion
खाना,khānā,Eat
उच्च,ucc,High
इतने,itne,So much
दी,dī,Gave
दिए,die,Given
सीमा,sīmā,Limit
वस्तु,vastu,object
पड़ी,paṛī,Lying
गति,gati,motion
अत्यन्त,atyant,Extremely
संगठन,saṅgṭhan,Organization
कितना,kitnā,How much
इस्तेमाल,istemāl,Use
बाबा,bābā,Dad
प्रकाशित,prakāśit,Published
ढंग,ḍhaṅg,behaviour
अधिकार,adhikār,rights
उधर,udhar,There
पड़े,paṛe,Lying
सके,sake,Sustain
सूचना,sūcnā,Information
अंग्रेजी,aṅgrejī,English
सुन्दर,sundar,Beautiful
पुनः,punaḥ,Again
केंद्रीय,kendrīya,Central
आधुनिक,ādhunik,Modern
शहर,śahar,City 
प्रधानमंत्री,pradhānmantrī,Prime Minister
ब्राह्मण,brāhmaṇ,Brahmin
उनको,unko,For them
महीने,mahīne,Month
अच्छे,acche,Good
हवा,havā,Air
शाम,śām,Evening
इधर,idhar,here
संसार,sansār,World
विरोध,virodh,Oppose
रखना,rakhnā,Keep
प्रशिक्षण,praśikṣaṇ,Training
संघ,saṅgh,union
बनी,banī,Bunny
पृथ्वी,pŕthvī,Earth
ऊर्जा,ūrjā,energy
हमने,hamne,We
वास्तविक,vāstavik,Real
सहयोग,sahyog,Collaboration
तेल,tel,Oil
अवधि,avdhi,Duration
सात,sāt,Seven
लगते,lagte,Felt
मार्ग,mārg,route
बंद,band,Close
प्रचलित,praclit,prevalent
संघर्ष,saṅgharṣ,Conflict
दिशा,diśā,Direction
स्थित,sthit,Located
बैठा,baiṭhā,sat
वर्षों,varṣõ,Years
अधिकांश,adhikānś,majority of
शादी,śādī,Marriage
वातावरण,vātāvraṇ,environment
तुलना,tulnā,Compare
राजीव,rājīv,Rajeev
साधारण,sādhāraṇ,ordinary
सम्पूर्ण,sampūrṇ,total
राजस्थान,rājasthān,Rajasthan
सफल,saphal,Success
कितने,kitne,How many?
वापस,vāpas,Back
मानसिक,mānsik,Mental
परम्परा,paramparā,Tradition
बोले,bole,Speak
बीज,bīj,Seed
खेल,khel,game
अंग,aṅg,Organ
बैठक,baiṭhak,meeting
जरूरत,jarūrat,Need
ग्रामीण,grāmīṇ,Rural
इनकी,inkī,Their
कथा,kathā,Story
आयु,āyu,age
बातचीत,bātcīt,Conversation
प्रभावित,prabhāvit,Affected
निर्धारित,nirdhārit,Determined
निकाल,nikāl,Out
घटना,ghaṭnā,Event
कितनी,kitnī,How many
कवि,kavi,Poet
रक्त,rakt,blood
बालकों,bālkõ,Boys
किसान,kisān,Farmer
इच्छा,icchā,Desire
आयी,āyī,Come
बजे,baje,time
चेहरे,cehre,Face
गुण,guṇ,Property
आकार,ākār,size
हृदय,hŕday,Heart
राज,rāj,Rule
मार,mār,Kill
चुकी,cukī,Tailor
यात्रा,yātrā,Travel
नष्ट,naṣṭ,Destroyed
खेती,khetī,Farming
सुबह,subah,Morning
नयी,nayī,New
जिन्हें,jinhẽ,Whom
आरम्भ,ārambh,Launch
सुनकर,sunkar,Hearing
वायु,vāyu,Air
नजर,najar,vision
थोड़ा,thoṛā,Little
खाली,khālī,Empty
ॐ,om,ॐ
खोज,khoj,Search
एकदम,ekdam,At once
व्यक्तियों,vyaktiyõ,Individuals
राजनीतिक,rājnītik,Political
आँखें,ā̃khẽ,eyes
संबंधित,sambandhit,Connected
तेज,tej,Quick
जरा,jarā,just
व्यक्तित्व,vyaktitva,Persona
बदल,badal,change
सवाल,savāl,Question
उपभोक्ता,upbhoktā,Consumer
उपज,upaj,Yield
सुख,sukh,Happiness
मानते,mānte,Believe
मकान,makān,House
तेजी,tejī,Rapid
जुलाई,julāī,july
प्रयत्न,prayatna,try
देवता,devtā,God
जानते,jānte,Know
कपड़े,kapṛe,Clothes
संभव,sambhav,possible
सकता,saktā,Can
मदद,madad,Help
वास्तव,vāstav,really
निकट,nikaṭ,Close
चलते,calte,Go
बाकी,bākī,Balance
सोच,soc,Thinking
समस्त,samast,All
सदस्य,sadasya,Member
कठिन,kaṭhin,Difficult
अरे,are,Oho
राज्यों,rājyõ,States
नया,nayā,New
सीधे,sīdhe,Straight
फूल,phūl,Flower
किस्म,kisma,Variety
अभाव,abhāv,Lack
जरूरी,jarūrī,Necessary
सेना,senā,Army
श्रम,śram,Labor
विदेशी,videśī,Foreigner
बाल,bāl,Hair
पुराने,purāne,Old
किंतु,kintu,But
विस्तार,vistār,Expansion
जाएगी,jāegī,Will go
छोटा,choṭā,Small
वनस्पति,vanaspati,Vegetable
खर्च,kharc,Expenditure
पार,pār,Cross
अधिकारी,adhikārī,Officer
चलने,calne,Walking
आशा,āśā,Hope
सुधार,sudhār,Improvement
विशाल,viśāl,Huge
पूर्ति,pūrti,Supply
डाल,ḍāl,Branch
जानता,jāntā,knows
महसूस,mahsūs,Feel
बोल,bol,Lyrics
प्रतीत,pratīt,Appear
अध्यक्ष,adhyakṣ,chairman
सीखने,sīkhne,Learn
वर्ण,varṇ,Character
व्यापक,vyāpak,Comprehensive
भविष्य,bhaviṣya,Future
ध्वनि,dhvani,Sound
प्रयुक्त,prayukt,Used
प्रचार,pracār,Publicity
प्यार,pyār,Love
शिक्षण,śikṣaṇ,Teaching
शेष,śeṣ,Remanent
मार्च,mārc,march
दुनिया,duniyā,World
ख्याल,khyāl,Care
प्रगति,pragti,Progress
गैस,gais,Gas
लगातार,lagātār,Continuous
तौर,taur,Form
उन्हीं,unhī̃,They
सुरक्षित,surakṣit,Safe
सभा,sabhā,gathering
लौट,lauṭ,Back
लागत,lāgat,Cost
बनाये,banāye,Made
दर्द,dard,Pain
आखिर,ākhir,Finally
सोचा,socā,thought
दें,dẽ,Give
चीज,cīj,Thing
कल्पना,kalpanā,Imagination
लक्ष्य,lakṣya,Target
चाय,cāy,Tea
खूब,khūb,Plenty
श्रीमती,śrīmtī,Mrs
लाने,lāne,Bring
मुक्त,mukt,Free
बुद्धि,buddhi,Intelligence
पश्चिम,paścim,West
खेत,khet,Farm
होनी,honī,Having
चाहती,cāhtī,Want
उपयुक्त,upyukt,Suitable
अंत,ant,Ending
साधन,sādhan,Resource
संकेत,saṅket,Signal
वस्तुओं,vastuõ,Objects
मामले,māmle,Case
बनाकर,banākar,By making
सहज,sahaj,Simple
सदा,sadā,Always
शारीरिक,śārīrik,physical
पकड़,pakaṛ,grasp
उपाय,upāy,remedy
संस्थान,sansthān,Institute
सफलता,saphaltā,Success
बाबू,bābū,Baboo
तुम्हारी,tumhārī,yours
भूल,bhūl,Mistake
आत्मा,ātmā,Soul
विचारों,vicārõ,Ideas
रखी,rakhī,Laid
भूमिका,bhūmikā,Role
पैर,pair,Feet
करे,kare,Do
हाथों,hāthõ,Hand
भवन,bhavan,Building
नियम,niyam,Rule
दिल,dil,Heart
तकनीकी,taknīkī,technology
जिसकी,jiskī,Whose
शिशु,śiśu,Infant
व्यय,vyay,Expense
पेट,peṭ,stomach
नींद,nīnd,Sleep
नेताओं,netāõ,Leaders
अंदर,andar,Inside
लागू,lāgū,Applicable
बनने,banne,Form
त्वचा,tvacā,skin
गायन,gāyan,Singing
राजनीति,rājnīti,Politics
जमा,jamā,Deposit
सुविधा,suvidhā,Facility
बोर्ड,borḍ,Board
कानून,kānūn,Law
शुरु,śuru,Start
लेखक,lekhak,Author
बावजूद,bāvjūd,Despite
क्रम,kram,Order
लगने,lagne,Settling
तुमने,tumne,you have
हाल,hāl,Condition
सम्भव,sambhav,Probable
स्टेशन,sṭeśan,station
अगले,agle,Next
रास्ते,rāste,Gesture
मस्तिष्क,mastiṣk,Brain
गर्म,garm,warm
संबंधी,sambandhī,relative
यानी,yānī,i.e
पुरानी,purānī,Old
चित्रण,citraṇ,Illustration
अधिकारियों,adhikāriyõ,Officers
संस्कृत,sanskŕt,Sanskrit
सुन,sun,Listen
युवक,yuvak,young boy
पाठ,pāṭh,"Lesson, "
स्थानों,sthānõ,Places
वर्षा,varṣā,Rain
रखकर,rakhkar,By keeping
पशु,paśu,Animal
किसानों,kisānõ,Farmers
सत्ता,sattā,Power
प्राप्ति,prāpti,Receipt
दवा,davā,Medicine
खास,khās,Special
कमेटी,kameṭī,Committee
अंक,aṅk,score
हानि,hāni,Loss
सरल,saral,Easy
सिंचाई,siñcāī,Irrigation
शिकार,śikār,Hunt
वृक्ष,vŕkṣ,Tree
करेंगे,kareṅge,do
औद्योगिक,audyogik,Industrial
आधारित,ādhārit,based
हत्या,hatyā,the killing
सहकारी,sahkārī,Co -operative
विवरण,vivraṇ,Description
रोज,roj,Daily
मुझसे,mujhse,Me
आना,ānā,come
मौसम,mausam,Season
आँखों,ā̃khõ,Eyes
शुद्ध,śuddh,Pure
भेद,bhed,distinction
विपरीत,viprīt,Adverse
लम्बी,lambī,Long
बनाना,banānā,Make
दृष्टिकोण,dŕṣṭikoṇ,Approach
गलत,galat,Wrong
समर्थन,samarthan,Support
सम्मेलन,sammelan,conference
सचमुच,sacmuc,Really
बुद्ध,buddh,Buddha
बच्चा,baccā,Child
दीवार,dīvār,Wall
आंखों,ā̃khõ,Eyes
अध्याय,adhyāy,Chapter
अत्यधिक,atyadhik,Excessive
सहित,sahit,Including
योग,yog,sum
मुख,mukh,Face
बिहार,bihār,Bihar
काव्य,kāvya,Poetry
सिद्धांत,siddhānt,Principle
सार्वजनिक,sārvajnik,Public
लघु,laghu,Small
बता,batā,Tell
परस्पर,paraspar,mutual
तार,tār,Wire
चूर्ण,cūrṇ,Powder
आयोजन,āyojan,events
सांस्कृतिक,sānskŕtik,Cultural
समझने,samajhne,To understand
वाद्य,vādya,Instrument
प्रतीक,pratīk,Sign 
तुम्हारा,tumhārā,yours
छात्र,chātra,Student
चुप,cup,Silent
अक्सर,aksar,Often
जायेगी,jāyegī,Will go
रखे,rakhe,Keep
भार,bhār,Burden
फलों,phalõ,Fruit
जीवित,jīvit,alive
आजकल,ājkal,Nowadays
विस्तृत,vistŕt,Detailed
गिर,gir,Gir
गुरू,gurū,Guru
खाद्य,khādya,Food
उतर,utar,North
अमेरिका,amerikā,America
सुना,sunā,heard
स्थानीय,sthānīya,local
विषयों,viṣyõ,Subjects
घंटे,ghaṇṭe,hours
कराने,karāne,Conduct
उतना,utnā,As much as
शताब्दी,śatābdī,Century
व्यवसाय,vyavsāy,Business
मंदिर,mandir,Temple
परिचय,paricay,Introduction
गांवों,gāmvõ,Villages
बाँध,bāndh,dam
निश्चय,niścay,Determination
उपकरण,upakraṇ,equipment
आतंकवादियों,ātaṅkvādiyõ,Militant
वैदिक,vaidik,Vedic
भागों,bhāgõ,Parts
अंश,anś,Part
सूत्र,sūtra,Formula
विविध,vividh,various
बारह,bārah,Twelve
फलस्वरूप,phalasvarūp,Consequently
काट,kāṭ,cutting
अधिकतर,adhiktar,mostly
स्वाभाविक,svābhāvik,Natural
वाक्य,vākya,Sentence
बैठी,baiṭhī,Sitting
परिस्थितियों,paristhitiyõ,Circumstances
सूर्य,sūrya,Sun
शत्रु,śatru,enemy
पत्तियों,pattiyõ,Leaves
नियोजन,niyojan,Planning
ग्रन्थ,granth,Book
कही,kahī,Somewhere
उम्र,umra,Age
अग्नि,agni,Fire
सिख,sikh,Sikh
बाप,bāp,Father
पाकिस्तान,pākistān,Pakistan
पश्चात्,paścāt,Back
चिन्ता,cintā,Fanciful
आयोजित,āyojit,Held
यहीं,yahī̃,Right here
वाद्यों,vādyõ,Instruments
मुसलमान,musalmān,Muslim
भेज,bhej,Sending
बैंक,baiṅk,Bank
नारी,nārī,Woman
अंतिम,antim,Last
समुद्र,samudra,Sea
संग्रह,saṅgrah,Collection
लेती,letī,Take
दृश्य,dŕśya,Scene
खाद,khād,Fertilizer
आलोचना,ālocnā,Criticism
हैक्टर,haikṭar,Hectare
विरोधी,virodhī,anti
पश्चिमी,paścimī,Western
धान,dhān,Rice 
डाक,ḍāk,Post
कदम,kadam,step
आकाश,ākāś,Sky
स्थायी,sthāyī,Permanent
वितरण,vitraṇ,Distribution
वंश,vanś,Linage
रोक,rok,Stoppage
प्रेरणा,prerṇā,Inspiration
चीनी,cīnī,Sugar
औरत,aurat,women
अप्रैल,aprail,april
अनिवार्य,anivārya,Mandatory
सकें,sakẽ,Can
महिला,mahilā,Woman
पहचान,pahcān,Identification
क्रमशः,kramśaḥ,Respectively
सैनिक,sainik,Soldier
वजह,vajah,Reason
लकड़ी,lakṛī,Wood
रुपये,rupye,Rupees
बढ़ा,baṛhā,Raised
पीठ,pīṭh,Back
पाई,pāī,Pie
डाक्टर,ḍākṭar,Doctor
सम्पर्क,sampark,Contact
वीं,vī̃,Genuine
माननीय,mānnīya,Honorable
मूल्यांकन,mūlyāṅkan,Evaluation
गाय,gāy,Cow
क्षण,kṣaṇ,Moment
हालत,hālat,Condition
संदर्भ,sandarbh,Reference
बीस,bīs,Twenty
दोष,doṣ,Shortcoming
जीव,jīv,creatures
चित्रित,citrit,Painted
खान,khān,Mine
खुशी,khuśī,Happiness
रोजगार,rojgār,employment
रिपोर्ट,riporṭ,Report
मंत्रालय,mantrālay,Ministry
प्राथमिक,prāthmik,primary
प्रदर्शित,pradarśit,Displayed
धारणा,dhārṇā,perception
ताल,tāl,rythm
जंगल,jaṅgal,Forest
सका,sakā,could
यान,yān,Vault
उपक्रम,upakram,Enterprise
अंकित,aṅkit,Ankit
शिव,śiv,Shiva
त्याग,tyāg,Sacrifice
जिसने,jisne,Whosoever
गरम,garam,Hot
समाचार,samācār,news
शाखा,śākhā,branch
बुरी,burī,Bad
डाला,ḍālā,Pouring
जून,jūn,june
ज्ञात,gyāt,Known
गर्भ,garbh,Pregnancy
कर्मचारियों,karmacāriyõ,Employees
मामलों,māmlõ,Matters
बजाय,bajāy,instead
तरीके,tarīke,Manner
आदर्श,ādarś,Ideal
हिस्सा,hissā,Part
संरचना,sãracnā,structure
स्पर्श,sparś,Touch
जनवरी,janavrī,January
चित्रकला,citraklā,drawing
चरित्र,caritra,Character
क्षेत्रीय,kṣetrīya,Regional
क्यू,kyū,Why
रखता,rakhtā,Keeps
बिक्री,bikrī,Sales
पुस्तकों,pustakõ,Books
निर्मित,nirmit,made
जैन,jain,Jain
गले,gale,Throat
ग्रा,grā,Gram
खराब,kharāb,Bad
करो,karo,do it
कक्षा,kakṣā,Class
आश्चर्य,āścarya,Wonder
रास्ता,rāstā,way
युक्त,yukt,Rich
बनाए,banāe,Make
बेटा,beṭā,Son
बेटे,beṭe,Son
प्रबन्ध,prabandh,Managing
निम्नलिखित,nimnalikhit,Following
चेहरा,cehrā,face
अर्जुन,arjun,Arjuna
सम्मान,sammān,Respect
यथार्थ,yathārth,Reality
बहू,bahū,Daughter in law
ध्वनियों,dhvaniyõ,Sounds
जिन्होंने,jinhonne,Who
छाया,chāyā,Shadow
खबर,khabar,News
संकट,saṅkaṭ,crisis
बेटी,beṭī,Daughter
पशुओं,paśuõ,Animals
अति,ati,Extreme
समझता,samajhtā,Understand
रोकने,rokne,Stop
भक्ति,bhakti,Devotion
दशा,daśā,Condition
चलती,caltī,On the moving
घास,ghās,Grass
कथन,kathan,statement
सामान,sāmān,stuff
मजदूरी,majdūrī,Labour
भरी,bharī,Stuffed
बिलकुल,bilkul,Absolutely
दूसरों,dūsrõ,Others
गरीब,garīb,Poor
अस्तित्व,astitva,Existence
अकेले,akele,Lonely
सौन्दर्य,saundarya,Beauty
साहसी,sāhsī,Daring
समझते,samajhte,Understand
विद्युत,vidyut,Electricity
लिखी,likhī,Written
नाटक,nāṭak,Drama
धूप,dhūp,Sunlight
दरवाजे,darvāje,Doors
कमजोर,kamjor,Weak
आदत,ādat,Habit
सम्प्रदाय,sampradāy,Sect
शोध,śodh,Research
वीर,vīr,Daring
रुपया,rupyā,Rupee
मौत,maut,Death
भले,bhale,Good
प्रसन्न,prasanna,Happy
निजी,nijī,Personal
जातियों,jātiyõ,Castes
गीतों,gītõ,Songs
कीट,kīṭ,Insect
उतनी,utnī,So much
अभ्यास,abhyās,Practice
रंगों,raṅgõ,Colors
मान्यता,mānyatā,Recognition
मजबूत,majbūt,Strong
भीड़,bhīṛ,Crowd
नियमों,niymõ,Regulations
उठता,uṭhtā,Arms
आनन्द,ānand,Joy
विष,viṣ,Poison
प्र,pra,Soul
तमाम,tamām,All
चिन्ह,cinha,Sign
स्थिर,sthir,steady
शराब,śarāb,Liquor
वैज्ञानिकों,vaigyānikõ,Scientists
पहुंचा,pahuñcā,reached up
नियमित,niymit,Regular
नवीन,navīn,New
गहरी,gahrī,Deep
ऊष्मा,ūṣmā,Heat
उत्तम,uttam,Excellent
शास्त्र,śāstra,ethology
माह,māh,Month
मालिक,mālik,Owner
भला,bhalā,Good
भरे,bhare,Stuffed
बनाई,banāī,Made up
गरीबी,garībī,poverty
आन्दोलन,āndolan,Movement
विद्या,vidyā,Knowledge
पारिवारिक,pārivārik,Family
तोड़,toṛ,the break
चीजें,cījẽ,Things
कठोर,kaṭhor,Harsh
अनुपात,anupāt,Ratio
हरियाणा,hariyāṇā,Haryana
सम्पन्न,sampanna,Rich
विधान,vidhān,Legislation
राय,rāy,Opinion
तुरन्त,turant,Immediately
आपस,āpas,Utterance
अधीन,adhīn,under
शिक्षक,śikṣak,Teacher
विजय,vijay,Victory
लेख,lekh,Article
महोदय,mahoday,Sir
भी,bhī,Too
फरवरी,pharavrī,February
पित्त,pitt,Bile
प्रत्यक्ष,pratyakṣ,direct
तर्क,tark,logic
जेल,jel,Jail
चुपचाप,cupcāp,silent
करा,karā,Kara
अनुकूल,anukūl,Friendly
विष्णु,viṣṇu,Vishnu
यों,yõ,Like
भूख,bhūkh,hunger
बांस,bāns,bamboo
बनता,bantā,Manufacture
बनकर,bankar,be made
बैठकर,baiṭhkar,Seated
पात्र,pātra,character
पूर्वी,pūrvī,East
कठिनाई,kaṭhināī,Difficulty
इत्यादि,ityādi,And so on
सदस्यों,sadasyõ,Members
मूत्र,mūtra,Urine
भरा,bharā,full
बुरा,burā,bad
घोषणा,ghoṣṇā,Announcement
खोल,khol,Shell
खुश,khuś,Happy 
खेतों,khetõ,Fields
कोश,koś,Thesaurus
उपस्थित,upasthit,Present
अभिव्यक्ति,abhivyakti,Expression
श्रेष्ठ,śreṣṭh,Best 
नाग,nāg,snake
नाक,nāk,nose
जाता,jātā,go
छूट,chūṭ,Discount
घरों,gharõ,Houses
खून,khūn,Blood
करेगा,karegā,Will do
उतार,utār,Unloaded
अपराध,aprādh,Crime
अधिनियम,adhiniyam,Act
साहस,sāhas,Bravery
सर्वप्रथम,sarvapratham,the very first
पढ़ाई,paṛhāī,studies
दिखायी,dikhāyī,Visible
दुख,dukh,Sadness
अगस्त,agast,august
साथी,sāthī,partner
सक्रिय,sakriy,Active
पढ़ने,paṛhne,Reading
पढ़,paṛh,Read
चालू,cālū,Working
आधा,ādhā,half
समितियों,samitiyõ,Committees
सूची,sūcī,List
विवेचन,vivecan,Deliberation
मनोविज्ञान,manovigyān,Psychology
पहुंचे,pahuñce,Reached
पुस्तकें,pustakẽ,Books
किशोरी,kiśorī,teenager
इस्पात,ispāt,steel
सामना,sāmnā,Cope
व्याख्या,vyākhyā,Explanation
फुट,phuṭ,Foot
दिमाग,dimāg,Brain
कर्मचारी,karmacārī,Employee
असर,asar,Impact
अफसर,aphsar,Officer
सतह,satah,surface
विचित्र,vicitra,Weird
बैल,bail,Bull
तहत,tahat,Under
केन्द्रों,kendrõ,Centers
अम्ल,amla,Acid
संरक्षण,sãrakṣaṇ,Protection
सुनने,sunne,Listen
वाणी,vāṇī,Voice
लोहे,lohe,Iron
यंत्र,yantra,Machine
भाषाविज्ञान,bhāṣāvigyān,language science
बोलने,bolne,Speaking
बोध,bodh,Perception
प्रकाशन,prakāśan,Publication
दादा,dādā,Grandfather
टूट,ṭūṭ,break
चरक,carak,Charak
खाते,khāte,Account
कान,kān,Ear
उद्योगों,udyogõ,Industries
आक्रमण,ākramaṇ,Invasion
अंग्रेजों,aṅgrejõ,British
संभावना,sambhāvnā,Possibility
यथा,yathā,As
भेजा,bhejā,Sent
बनाते,banāte,Create
नरेश,nareś,Naresh
दो,do,Two
चोरी,corī,Theft
चित्रकार,citrakār,Painter
कहे,kahe,saying
स्वतन्त्र,svatantra,Independent
सूरज,sūraj,Sun
सूक्ष्म,sūkṣma,Micro
विशेषता,viśeṣtā,Speciality
लिख,likh,Write
मास,mās,Mass
पंचायत,pañcāyat,jury
चरण,caraṇ,phase
गली,galī,Street
खुले,khule,Open
कुर्सी,kursī,Chair
सन्दर्भ,sandarbh,Reference
स्त्रोत,strot,Source
वर्गीकरण,vargīkraṇ,Classification
महाभारत,mahābhārat,Mahabharata
फैल,phail,Split
पेश,peś,Present
प्रौद्योगिकी,praudyogikī,Technology
पुराण,purāṇ,Purana
निर्धारण,nirdhāraṇ,Determination
चीन,cīn,China
शिकायत,śikāyat,Complaint
विद्यालय,vidyālay,School
वस्तुतः,vastutaḥ,Virtually
लाया,lāyā,brought
बहन,bahan,Sister
पक्षी,pakṣī,Bird
निर्यात,niryāt,Export
ना,nā,No
जाये,jāye,Go
ज्यों,jyõ,As
चक्कर,cakkar,dizzy
गोली,golī,Gun Shot
कल्याण,kalyāṇ,welfare
क्रोध,krodh,Anger
कराया,karāyā,Done
इंका,iṅkā,Inka
सीधा,sīdhā,Straight
संचार,sañcār,Communications
विरुद्ध,viruddh,against
विद्वानों,vidvānõ,Scholars
लम्बे,lambe,Long
भुगतान,bhugtān,Payment
तुझे,tujhe,You
चयन,cayan,Selection
घोड़े,ghoṛe,Horses
उच्चारण,uccāraṇ,Pronunciation
सोने,sone,Gold
मौका,maukā,Opportunity
मोटे,moṭe,fatty
भाषण,bhāṣaṇ,speech
निकला,niklā,Out
देवताओं,devtāõ,Gods
उत्पत्ति,utpatti,Produce
शहरी,śahrī,urban
शक्ति,śakti,Power
राष्ट्रपति,rāṣṭrapti,President
महाराज,mahārāj,Maharaj
मन्दिर,mandir,Mandir
इन्द्र,indra,Indra
अपेक्षित,apekṣit,expected
अंतर्गत,antargat,Under
अजीब,ajīb,Strange
संस्कार,sanskār,rites
समाधान,samādhān,Solution
शूल,śūl,Shool
लिखे,likhe,Wrote
रहेगा,rahegā,Will remain
रमेश,rameś,Ramesh
जड़,jaṛ,Root
अधिगम,adhigam,Learning
सर्वाधिक,sarvādhik,Most
मानता,māntā,agrees
मन्त्री,mantrī,Minister
बाढ़,bāṛh,flood
बजट,bajaṭ,Budget
नुकसान,nuksān,Loss
थोड़े,thoṛe,A little
जाल,jāl,Net
जानने,jānne,Learn
कम्पनी,kampanī,Company
कक्ष,kakṣ,Chamber
उपकरणों,upkarṇõ,Devices
उत्पन्न,utpanna,Yield
उठकर,uṭhkar,By getting up
इसको,isko,It
साम्राज्य,sāmrājya,Empire
संशोधन,sanśodhan,Amendment
राजाओं,rājāõ,Kings
पसन्द,pasand,Pus
छात्रों,chātrõ,Students
गहरा,gahrā,deep
किलोग्राम,kilogrām,Kilogram
कालेज,kālej,College
उल्लेखनीय,ullekhnīya,Remarkable
उपलब्धि,uplabdhi,achievement
उत्साह,utsāh,Excitement
मजदूर,majdūr,laborer
प्रार्थना,prārthanā,Prayer
छिड़काव,chiṛkāv,Spraying
समुदाय,samudāy,community
शोथ,śoth,Inflammation
लोरिक,lorik,Lorik
बौद्ध,bauddh,Buddhist
बाग,bāg,Garden
बचा,bacā,Left out
पहाड़ी,pahāṛī,Hill
प्रोत्साहन,protsāhan,Incentive
प्रबल,prabal,Predominant
पदार्थों,padārthõ,Substances
पूंजी,pūñjī,capital
जगत,jagat,Universe
घोल,ghol,Slurry
एकता,ektā,Unity
सोचने,socne,Thinking
सामान्यतः,sāmānyataḥ,Generally
स्वतंत्रता,svatantratā,Freedom
वित्तीय,vittīya,financial
मानकर,mānkar,Assuming
भौतिक,bhautik,Physical
पाठ्यक्रम,pāṭhyakram,Syllabus
परिणामस्वरूप,pariṇāmasvarūp,the resulting
पर्वत,parvat,Mountain
तलाश,talāś,seek
गोद,god,Lap
गांधीजी,gāndhījī,Gandhiji
का,kā,Of
अन्तर्राष्ट्रीय,antarrāṣṭrīya,International
सहन,sahan,Tolerate
शेर,śer,Lion
वैसा,vaisā,Like this
वस्त्र,vastra,Clothes
लक्ष्मी,lakṣmī,Laxmi
रूक,rūk,Stroke
मुक्ति,mukti,Freedom
प्रोटीन,proṭīn,Protein
चलकर,calkar,By walking
गंभीर,gambhīr,Serious
आधी,ādhī,Half
अंकन,aṅkan,Marking
हिंदी,hindī,Hindi
शान्त,śānt,Calm
शांति,śānti,Calmness
वर्गों,vargõ,Classes
वृक्षों,vŕkṣõ,Trees
रोगों,rogõ,Diseases
बम्बई,bambaī,Bombay
प्रथा,prathā,custom
चीजों,cījõ,Things
अतएव,ataev,So
सकती,saktī,Can
महिलाओं,mahilāõ,Women
बाह्य,bāhya,External
प्रेरित,prerit,Inspired
निहित,nihit,vested
दिखाया,dikhāyā,Shown
डालने,ḍālne,Pouring
डेढ़,ḍeṛh,One and a half
गैर,gair,Non
सम्पत्ति,sampatti,Property
श्रद्धा,śraddhā,Admiration
वार्ता,vārtā,Dialogue
लड़कों,laṛkõ,Boys
मानने,mānne,To accept
मुझ,mujh,Me
नमक,namak,Salt
छवि,chavi,image
चाचा,cācā,Uncle
चलो,calo,Let us go
करेगा,karegā,Will do
हिमाचल,himācal,Himachal
स्मिता,smitā,Smita
स्थल,sthal,Site
रखती,rakhtī,Keeps
रकम,rakam,Amount
पहुंचने,pahuñcne,Reach
नाना,nānā,Grandfather
दरवाजा,darvājā,Door
दुकान,dukān,Shop
ठोस,ṭhos,Solid
जेब,jeb,Pocket
चिन्तन,cintan,Thinking
गर्मी,garmī,Heat
खरीद,kharīd,Purchase
क्रांति,krānti,Revolution
ऋतु,ŕtu,Season
सुनाई,sunāī,Hearing
विद्यालयों,vidyālyõ,Schools
लिखने,likhne,Write
लखनऊ,lakhnaū,Lucknow
राग,rāg,melody
बरस,baras,Year
ब्रज,braj,Braj
पश्चात,paścāt,After
डाली,ḍālī,branch
गृह,gŕh,home
अकाली,akālī,Akali
सावधानी,sāvdhānī,Caution
सेवन,sevan,Consumption
स्वतन्त्रता,svatantratā,Independence
शून्य,śūnya,Zero
विद्यार्थियों,vidyārthiyõ,students
मोटी,moṭī,fat
भ्रष्टाचार,bhraṣṭācār,Corruption
देह,deh,Body
तेरे,tere,Your
कार्रवाई,kārravāī,Action
कार्यवाही,kāryavāhī,Proceeding
इस्लाम,islām,Islam
आश्रम,āśram,Hermitage
आकर्षण,ākarṣaṇ,Attraction
हिस्से,hisse,Part
सम्राट,samrāṭ,King
परेशान,pareśān,Worried
परम्परागत,paramparāgat,Traditional
दिसम्बर,disambar,December
जनसंख्या,jansaṅkhyā,population
घोषित,ghoṣit,Declared
ऋषि,ŕṣi,Sage
अखबार,akhbār,Newspaper
रूपों,rūpõ,Forms
भस्म,bhasma,Ash
बगल,bagal,Next
परिस्थिति,paristhiti,Situation.
निगम,nigam,Corporation
नारायण,nārāyaṇ,Narayan
तुरंत,turant,Immediately
ढोला,ḍholā,Dhola
डालकर,ḍālkar,By putting
चावल,cāval,Rice
गणेश,gaṇeś,Ganesh
कार्यक्रमों,kāryakramõ,Programs
उठी,uṭhī,Got up
ईश्वर,īśvar,God
आतंकवादी,ātaṅkvādī,Terrorist
आँख,ā̃kh,eye
अदालत,adālat,court
होटल,hoṭal,hotel
हार,hār,Garland
हजारों,hajārõ,Thousands
संदेह,sandeh,Doubt
संक्षिप्त,saṅkṣipt,Short
विद्वान,vidvān,Scholar
व्रत,vrat,Fast
महत्व,mahatva,Importance
भयंकर,bhayaṅkar,Terrifying
बेहतर,behtar,better
ब्रिटिश,briṭiś,British
प्रिय,priy,Dear
नियुक्त,niyukt,Appointed
गम्भीर,gambhīr,Serious
उक्त,ukt,Deepent
अमल,amal,Execution
हवाई,havāī,Airport
हरे,hare,Green
स्वर्णमंदिर,svarṇamandir,Golden Temple
ली,lī,Took
मामला,māmlā,Case
मछली,machlī,fish
बचपन,bacpan,Childhood
बैंकों,baiṅkõ,Banks
पान,pān,Paan
प्राण,prāṇ,Life
प्रतिक्रिया,pratikriyā,feedback
जीवाणु,jīvāṇu,Bacteria
छाती,chātī,Chest
गढ़वाल,gaṛhvāl,Garhwal
खुला,khulā,open
कार,kār,car
क्रियाओं,kriyāõ,Actions
अम्मा,ammā,Mother
अंगों,aṅgõ,Organs
सन्देह,sandeh,Doubt
विवाद,vivād,Controversy
लड़कियों,laṛkiyõ,Girls
बाहरी,bāhrī,external
बारी,bārī,Turn
प्लेग,pleg,plague
पुरुष,puruṣ,Male
दोपहर,dophar,Afternoon
तमिल,tamil,Tamil
चौधरी,caudhrī,Chowdhary
आचरण,ācraṇ,Behaviour
अनाज,anāj,Cereal
ही,hī,Sole
सिरे,sire,Tip
साढ़े,sāṛhe,Half -and -a -half
संयोग,sãyog,coincidence
विमर्श,vimarś,Discourse
विधियों,vidhiyõ,Methods
व्यावहारिक,vyāvhārik,practical
वचन,vacan,Promise
रात्रि,rātri,Night
भावों,bhāvõ,Gesture
भेंट,bheṇṭ,Gift
बुआई,buāī,Sowing
पैरों,pairõ,Legs
पुराना,purānā,Old
प्रतीक्षा,pratīkṣā,Wait
पत्रों,patrõ,Papers
पड़ेगा,paṛegā,Will have
जाओ,jāo,Go
किस्मों,kismõ,Varieties
किन,kin,Kin
उठे,uṭhe,Got up
आचार्य,ācārya,Teacher
आई,āī,I
अफ्रीका,aphrīkā,Africa
अतीत,atīt,past
हल्के,halke,Mild
सागर,sāgar,Sea
शाह,śāh,Shah
शान्ति,śānti,Peace
विदेश,videś,Foreign
वजन,vajan,Weight
लाखों,lākhõ,Millions
प्रारंभ,prārambh,Start
प्राणियों,prāṇiyõ,Creatures
निर्देश,nirdeś,Instruction
दावा,dāvā,Claim
दे,de,Give
चाहा,cāhā,Wanted
उदास,udās,Downhearted
उत्तरी,uttarī,Northern
असली,aslī,Real
हिम्मत,himmat,Courage
हरी,harī,Green
स्नेह,sneh,affection
शासक,śāsak,ruler
बदले,badle,Change
बचाने,bacāne,Save
प्रतिनिधि,pratinidhi,Representative
दरअसल,daraasal,In fact
देखभाल,dekhbhāl,Care
तने,tane,Stem
जानती,jāntī,Knowing
केंद्र,kendra,Center
औषधि,auṣdhi,Medicine
उत्सव,utsav,Celebration
इनसे,inse,from these
साथियों,sāthiyõ,Peer
संसाधन,sansādhan,resources
सदन,sadan,House
सूखे,sūkhe,Dried
संकल्प,saṅkalp,Resolution
शक्तिशाली,śaktiśālī,Powerful
व्यर्थ,vyarth,Useless
मिश्रण,miśraṇ,Mixture
बोरोन,boron,Boron
निकालने,nikālne,Delete
घूम,ghūm,Wander
गुस्सा,gussā,Anger
क्षति,kṣati,Damage
उठती,uṭhtī,Raising
अरब,arab,Arab
अत्यंत,atyant,Extremely
अक्षर,akṣar,Letter
संस्थानों,sansthānõ,Institutions
सुपर,supar,Super
संगठनों,saṅgaṭhnõ,Organizations
विशेषकर,viśeṣkar,Especially
वेद,ved,Veda
महाराजा,mahārājā,King
भरत,bharat,Bharat
बोझ,bojh,Burden
बादल,bādal,Cloud
बयान,bayān,Statement
पत्तियां,pattiyā̃,Leaves
चढ़,caṛh,Climbing
उम्मीद,ummīd,Hope
उपेक्षा,upekṣā,Ignore
सिद्धान्तों,siddhāntõ,Principles
स्व,sva,Self
सुनते,sunte,Hearing
सकते,sakte,Can
रबड़,rabaṛ,rubber
मेल,mel,Match
मेकअप,mekaap,Makeup
भूत,bhūt,Evil spirit
बनते,bante,Bun
प्रशंसा,praśansā,Appreciation
प्रतिदिन,pratidin,daily
पूछ,pūch,Ask
दबाव,dabāv,Pressure
दण्ड,daṇḍ,Punishment
टुकड़े,ṭukṛe,pieces
गहराई,gahrāī,depth
खींच,khīñc,Stretch
उर्वरक,urvarak,Fertilizer
हिंसा,hinsā,violence
साधना,sādhnā,meditation
सेवाओं,sevāõ,Services
सर्वथा,sarvathā,Utterly
लेखन,lekhan,Writing
परेशानी,pareśānī,Trouble
प्रताप,pratāp,Pratap
पेड़ों,peṛõ,Trees
चेष्टा,ceṣṭā,effort
व्याकरण,vyākraṇ,grammar
लाइसेंस,lāisens,License
ललित,lalit,Lalit
रूस,rūs,Russia
मील,mīl,Mile
बर्फ,barph,Ice
पाप,pāp,Sin
पुत्री,putrī,Daughter
दफ्तर,daphtar,Workplace
जानवर,jānvar,Animal
गाने,gāne,Songs
कार्यकर्ता,kāryakartā,Worker
कलाकारों,kalākārõ,Artists
करता,kartā,Do
उत्पाद,utpād,product
आएँ,āẽ,Come
सोचते,socte,Thinking
सीख,sīkh,Learn
सास,sās,Mother in law
वीणा,vīṇā,Veena
यूरेनियम,yūreniyam,Uranium
मौलिक,maulik,fundamental
मारने,mārne,Kill
मुहम्मद,muhammad,Muhammad
बिल,bil,Bill
बचत,bacat,Savings
प्रावधान,prāvdhān,Provision
पचास,pacās,fifty
नागरिक,nāgrik,citizen
नेहरू,nehrū,Nehru
देन,den,Din
गिरने,girne,Fall
गहरे,gahre,Deep
उपन्यास,upanyās,Novel
इलाके,ilāke,the areas
आन्तरिक,āntarik,Internal
हिन्दुस्तान,hindustān,Hindustan
संसद,sansad,Parliament
स्वीकृति,svīkŕti,Acceptance
संपर्क,sampark,Contact
विभाजन,vibhājan,Division
लौटने,lauṭne,Return
यूरोप,yūrop,Europe
मंच,mañc,stage
भाग्य,bhāgya,Luck
बेहद,behad,Extremely
बुलाया,bulāyā,called
पाए,pāe,Found
प्रयोगशाला,prayogśālā,the laboratory
प्रमाणित,pramāṇit,Certified
प्रभावशाली,prabhāvśālī,Impressive
जीत,jīt,Victory
जानवरों,jānavrõ,Animals
गुस्से,gusse,Anger
गर्दन,gardan,Neck
गुरू,gurū,Guru
अधिकतम,adhiktam,Maximum
सृष्टि,sŕṣṭi,Nature
शिक्षित,śikṣit,Educated
शहद,śahad,Honey
वरन,varan,Varan
रोम,rom,Rome
बदन,badan,body
फैला,phailā,Splash
फेंक,pheṅk,Throw
पिछड़े,pichṛe,Backward
परिश्रम,pariśram,labor
परिवारों,parivārõ,Families
परिभाषा,paribhāṣā,Definition
प्रारम्भिक,prārambhik,Initial
पुरुषों,puruṣõ,Men
निरीक्षण,nirīkṣaṇ,inspection
दास,dās,Slave
देव,dev,God
ताकत,tākat,Strength
तंत्र,tantra,Mechanism
तत्कालीन,tatkālīn,contemporaneous
तकनीक,taknīk,Technique
चलाने,calāne,Run
गठन,gaṭhan,Build
अनुभूति,anubhūti,Feeling
हिन्दुओं,hinduõ,Hindus
हिंदू,hindū,Hindu
हालांकि,hālāṅki,Although
सामूहिक,sāmūhik,the collective
सरकारों,sarkārõ,Governments
संयंत्र,sãyantra,plant
सुंदर,sundar,Beautiful
सृजन,sŕjan,Creation
वैसी,vaisī,Likely
लावनी,lāvnī,Lavani
लक्षणों,lakṣaṇõ,Symptoms
राहुलजी,rāhuljī,Rahul ji
युवा,yuvā,Youth
मूर्ति,mūrti,statue
बेर,ber,Berry
पाण्डु,pāṇḍu,Pandu
ध्रुपद,dhrupad,Dhrupad
तथ्यों,tathyõ,Facts
ढेर,ḍher,heap
जायें,jāyẽ,Go
ग्रन्थों,granthõ,Scriptures
गणित,gaṇit,Mathematic
कहानियों,kahāniyõ,Stories
अशोक,aśok,Ashoka
साबित,sābit,Proven
समझना,samajhnā,Understand
संज्ञा,sañgyā,Noun
शांत,śānt,Calm
श्रीलंका,śrīlaṅkā,Sri Lanka
श्रमिक,śramik,Laborer
शर्त,śart,Condition
लिपि,lipi,Script
मानवीय,mānvīya,human
पक्षियों,pakṣiyõ,Birds
निवासी,nivāsī,Resident
तुलनात्मक,tulnātmak,Comparative
चमक,camak,Glow
गोल,gol,Round
खाकर,khākar,after eating
कोट,koṭ,Coat
इंच,iñc,Inch
आसन,āsan,Posture
अकेला,akelā,alone
शर्मा,śarmā,Sharma
विश्वविद्यालय,viśvavidyālay,university
विधायक,vidhāyak,Legislator
वर्मा,varmā,Varma
वैद्य,vaidya,Vaidya
राजस्थानी,rājasthānī,Rajasthani
मानना,mānnā,Accept
भरपूर,bharpūr,abundant
भगत,bhagat,follower
बस्ती,bastī,colony
बैठने,baiṭhne,Sit
प्रतिभा,pratibhā,Talent
प्रजा,prajā,People
प्रकोप,prakop,the outbreak
नायक,nāyak,hero
दोस्त,dost,Friend
तिवारी,tivārī,Tiwari
घड़ी,ghaṛī,Watch
गलती,galtī,Mistake
कार्बन,kārban,Carbon
उपचार,upcār,treatment
ईसाई,īsāī,Christian
आवेदन,āvedan,Application
आयुर्वेद,āyurved,Ayurveda
आदर,ādar,Respect
अत्याचार,atyācār,Atrocity
हिमालय,himālay,Himalaya
हंस,hans,Swan
सोचता,soctā,Thinking
विश्वनाथ,viśvanāth,Vishwanath
वेतन,vetan,Salary
मथुरा,mathurā,Mathura
भाभी,bhābhī,Sister in law
भेजे,bheje,Sent
ब्यूरो,byūro,Bureau
बनती,bantī,Manufacture
पक्षों,pakṣõ,Sides
घरेलू,gharelū,domestic
गणना,gaṇnā,Calculation
कहलाता,kahlātā,Calling
कलावती,kalāvtī,Kalavati
करना,karnā,to do
उदाहरणार्थ,udāharṇārth,For example
उड़,uṛ,Flying
आघात,āghāt,the strokes
हमला,hamlā,assault
व्यावसायिक,vyāvsāyik,commercial
लोकप्रिय,lokapriy,popular
रेलवे,relve,railway
मिश्रित,miśrit,miscellaneous
महान,mahān,Great
मेहनत,mehnat,Hard work
बिन्दु,bindu,the dot
फलतः,phaltaḥ,Consequently
प्रोफेसर,prophesar,Professor
प्रचलन,praclan,the trend
औसत,ausat,average
एकाएक,ekāek,Suddenly
उपस्थिति,upasthiti,appearance
उन्नति,unnati,Development
आधे,ādhe,Half
अली,alī,Ali
सरस्वती,sarasvatī,Saraswati
समर्थ,samarth,Capable
सम्भवतः,sambhavtaḥ,Probably
सड़कों,saṛkõ,Roads
विशेषज्ञ,viśeṣagya,expert
विद्रोह,vidroh,Rebellion
वात,vāt,vata
व्यस्त,vyast,Busy
लाकर,lākar,Lacquer
राव,rāv,Rao
योजनाओं,yojnāõ,Plans
मंत्र,mantra,mantra
बताने,batāne,tell
बताते,batāte,Telling
प्रश्नों,praśnõ,Questions
पकड़ा,pakṛā,caught
नोट,noṭ,Note
निवेदन,nivedan,Request
न्याय,nyāy,Justice
धूल,dhūl,dust
दाने,dāne,Grain
दान,dān,Donation
देवीगढ़,devīgaṛh,Devigarh
तरल,taral,liquid
कोरियाई,koriyāī,Korean
किलोमीटर,kilomīṭar,Kilometer
किताब,kitāb,Book
क्षमा,kṣamā,Forgiveness
इंजन,iñjan,engine
आए,āe,Returns
असफल,asphal,fail
हल्की,halkī,Mild
सावित्री,sāvitrī,Savitri
सरदार,sardār,Sardar
सगर्भता,sagarbhatā,Sarcasia
शुभ,śubh,auspicious
लहर,lahar,Wave
लेखा,lekhā,Account
मासिक,māsik,Monthly
मद्रास,madrās,Madras
मंगल,maṅgal,Fortunate
भली,bhalī,Good
भेजने,bhejne,Send
बिजलीघर,bijlīghar,Electricity house
बनाता,banātā,Create
पवित्र,pavitra,Holy
परिषद,pariṣad,council
परि,pari,fairy
पूछा,pūchā,Asked
नौकर,naukar,Servant
निकालकर,nikālkar,by removing
नासिक्य,nāsikya,Nashikya
तापमान,tāpmān,temperature
तरीका,tarīkā,Method
झूठ,jhūṭh,Lie
जाती,jātī,Jet
छुट्टी,chuṭṭī,Holiday
घाट,ghāṭ,Ghat
गोबर,gobar,Cow dung
कामों,kāmõ,Works
कश्मीर,kaśmīr,Kashmir
ऊंची,ūñcī,Tall
उन्नत,unnat,Advanced
आजाद,ājād,Azad
आग्रह,āgrah,request
अमृतसर,amŕtsar,Amritsar
अनु,anu,Anu
अद्भुत,adbhut,Wonderful
अतः,ataḥ,Therefore
सिखों,sikhõ,Learn
साधु,sādhu,Saint
संदेश,sandeś,Message
लिखित,likhit,written
लेप,lep,Paste
मर्यादा,maryādā,dignity
मेज,mej,Table
मुख्यतः,mukhyataḥ,Mainly
भाजपा,bhājpā,B J P
बेकार,bekār,Useless
पैदावार,paidāvār,yield
नाश,nāś,Destruction
दलों,dalõ,Parties
जापान,jāpān,Japan
गोपाल,gopāl,Gopal
कोशिकाओं,kośikāõ,Cells
काटने,kāṭne,Cutting
कूद,kūd,Jump
उपदेश,updeś,Sermon
उड़ान,uṛān,flight
अंतरिक्ष,antrikṣ,space
सहसा,sahsā,Suddenly
व्यास,vyās,Diameter
मित्रों,mitrõ,Friends
भोग,bhog,Indulgence
बुला,bulā,Call
प्रातः,prātaḥ,In the morning
पढ़ा,paṛhā,Read
पढ़ते,paṛhte,Reading
घोड़ा,ghoṛā,Horse
गुफा,guphā,Cave
खुल,khul,Open
खुराक,khurāk,diet
उपायों,upāyõ,Measures
उपयोगिता,upyogitā,utility
इलाज,ilāj,Treatment
आवाज़,āvāz,sound
आलू,ālū,Potato
हटा,haṭā,Remove
स्वस्तिक,svastik,Swastika
समीक्षा,samīkṣā,Review
संक्रमण,saṅkramaṇ,Infection
सैकड़ों,saikṛõ,Hundreds
शोर,śor,Noise
शब्दावली,śabdāvlī,vocabulary
यौगिक,yaugik,compound
मना,manā,deny
मंडल,maṇḍal,Board
बचने,bacne,Escape
प्रेमनाथ,premnāth,Premnath
परम,param,Supreme
निधि,nidhi,Fund
नेताजी,netājī,Netaji
चुनौती,cunautī,challenge
गौतम,gautam,Gautam
खिड़की,khiṛkī,window
किस्में,kismẽ,Varieties
करते,karte,Do
कटाई,kaṭāī,Harvesting
असाधारण,asādhāraṇ,Extraordinary
स्मरण,smaraṇ,Reconciliation
समग्र,samagra,Overall
सुनी,sunī,Listening
रेडियो,reḍiyo,radio
मामूली,māmūlī,Mild
बीमार,bīmār,Sick
फायदा,phāydā,Benefit
पुराणों,purāṇõ,Puranas
प्रस्तावों,prastāvõ,Proposals
प्रधानता,pradhāntā,Primacy
पन्द्रह,pandrah,Fifteen
नाव,nāv,boat
तुल्फ,tulph,Tulf
तत्काल,tatkāl,Immediately
जोड़ा,joṛā,couple
चाल,cāl,move
चूहे,cūhe,mice
चलना,calnā,Walking
गाया,gāyā,Sung
गला,galā,throat
खैर,khair,well
कोर्ट,korṭ,Court
कराना,karānā,Do
कंपनी,kampnī,company
इसने,isne,He
इनको,inko,To them
अर्थव्यवस्था,arthavyavasthā,economy
अंचल,añcal,Zone
हल्का,halkā,Light
सुनिश्चित,suniścit,ensure
वरना,varnā,Otherwise
बुनियादी,buniyādī,Basic
दैनिक,dainik,Daily
जुड़े,juṛe,Linked
घुस,ghus,Penetration
खुली,khulī,open
कुमार,kumār,Kumar
कुमाऊँ,kumāū̃,Kumaon
आंगन,āṅgan,Courtyard